"Symbol","Name","LastSale","MarketCap","ADR TSO","IPOyear","Sector","Industry","Summary Quote",
"SHLM","A. Schulman, Inc.","48.15","1401396938.55","n/a","1972","Basic Industries","Major Chemicals","http://www.nasdaq.com/symbol/shlm",
"AEGN","Aegion Corp","18.02","672813695.06","n/a","n/a","Basic Industries","Water Supply","http://www.nasdaq.com/symbol/aegn",
"AMTX","Aemetis, Inc","4.09","84957128.26","n/a","n/a","Basic Industries","Major Chemicals","http://www.nasdaq.com/symbol/amtx",
"AEM","Agnico Eagle Mines Limited","29.73","6419123428.11","n/a","n/a","Basic Industries","Precious Metals","http://www.nasdaq.com/symbol/aem",
"AGU","Agrium Inc.","104.83","15067962708.92","n/a","n/a","Basic Industries","Agricultural Chemicals","http://www.nasdaq.com/symbol/agu",
"APD","Air Products and Chemicals, Inc.","151.04","32363951756.8","n/a","n/a","Basic Industries","Major Chemicals","http://www.nasdaq.com/symbol/apd",
"AKS","AK Steel Holding Corporation","4.45","791145034.45","n/a","n/a","Basic Industries","Steel/Iron Ore","http://www.nasdaq.com/symbol/aks",
"AGI","Alamos Gold Inc","5.68","723390520.48","n/a","n/a","Basic Industries","Precious Metals","http://www.nasdaq.com/symbol/agi",
"AIN","Albany International Corporation","39.52","1256736000","n/a","n/a","Basic Industries","Textiles","http://www.nasdaq.com/symbol/ain",
"ALB","Albemarle Corporation","52.89","5931917353.05","n/a","n/a","Basic Industries","Major Chemicals","http://www.nasdaq.com/symbol/alb",
"AXX","Alderon Iron Ore Corp.","0.27","35676196.47","n/a","n/a","Basic Industries","Precious Metals","http://www.nasdaq.com/symbol/axx",
"AXU","Alexco Resource Corp","0.3499","24349155.4102","n/a","n/a","Basic Industries","Precious Metals","http://www.nasdaq.com/symbol/axu",
"ATI","Allegheny Technologies Incorporated","30.57","3338380495.05","n/a","n/a","Basic Industries","Steel/Iron Ore","http://www.nasdaq.com/symbol/ati",
"AAU","Almaden Minerals, Ltd.","0.87","63639039.27","n/a","n/a","Basic Industries","Precious Metals","http://www.nasdaq.com/symbol/aau",
"ACH","Aluminum Corporation of China Limited","13.37","7232896115.55","n/a","2001","Basic Industries","Aluminum","http://www.nasdaq.com/symbol/ach",
"AMRK","A-Mark Precious Metals, Inc.","10.08","70184439.36","n/a","n/a","Basic Industries","Other Specialty Stores","http://www.nasdaq.com/symbol/amrk",
"AMRC","Ameresco, Inc.","7.59","352292066.28","n/a","2010","Basic Industries","Engineering & Construction","http://www.nasdaq.com/symbol/amrc",
"AMZG","American Eagle Energy Corporation.","0.172","5237178.808","n/a","n/a","Basic Industries","Precious Metals","http://www.nasdaq.com/symbol/amzg",
"AVD","American Vanguard Corporation","10.88","317437273.6","n/a","n/a","Basic Industries","Agricultural Chemicals","http://www.nasdaq.com/symbol/avd",
"AMWD","American Woodmark Corporation","54.77","871076265.43","n/a","1986","Basic Industries","Forest Products","http://www.nasdaq.com/symbol/amwd",
"AMRS","Amyris, Inc.","2.43","192154276.62","n/a","2010","Basic Industries","Major Chemicals","http://www.nasdaq.com/symbol/amrs",
"AU","AngloGold Ashanti Limited","9.42","3805777591.2","n/a","n/a","Basic Industries","Precious Metals","http://www.nasdaq.com/symbol/au",
"MT","ArcelorMittal","9.48","15787918264.56","n/a","n/a","Basic Industries","Steel/Iron Ore","http://www.nasdaq.com/symbol/mt",
"MTCN","ArcelorMittal","15.18","0","n/a","n/a","Basic Industries","Steel/Iron Ore","http://www.nasdaq.com/symbol/mtcn",
"AGX","Argan, Inc.","36.67","532859140.67","n/a","n/a","Basic Industries","Engineering & Construction","http://www.nasdaq.com/symbol/agx",
"AKG","Asanko Gold Inc.","1.53","301173778.71","n/a","n/a","Basic Industries","Mining & Quarrying of Nonmetallic Minerals (No Fuels)","http://www.nasdaq.com/symbol/akg",
"APWC","Asia Pacific Wire & Cable Corporation Limited","2.3501","32431380","n/a","n/a","Basic Industries","Telecommunications Equipment","http://www.nasdaq.com/symbol/apwc",
"ATL","Atlatsa Resources Corporation","0.1513","83863845.9649","n/a","n/a","Basic Industries","Precious Metals","http://www.nasdaq.com/symbol/atl",
"AUQ","AuRico Gold Inc.","2.88","729421240.32","n/a","n/a","Basic Industries","Precious Metals","http://www.nasdaq.com/symbol/auq",
"AVL","Avalon Rare Metals, Inc.","0.2466","34816954.1418","n/a","n/a","Basic Industries","Precious Metals","http://www.nasdaq.com/symbol/avl",
"ASM","Avino Silver","1.42","50465824.46","n/a","n/a","Basic Industries","Precious Metals","http://www.nasdaq.com/symbol/asm",
"AXTA","Axalta Coating Systems Ltd.","27.93","6418852937.28","n/a","2014","Basic Industries","Paints/Coatings","http://www.nasdaq.com/symbol/axta",
"AXLL","Axiall Corporation","44.99","3159382483.95","n/a","n/a","Basic Industries","Major Chemicals","http://www.nasdaq.com/symbol/axll",
"BTG","B2Gold Corp","1.52","1400328949.92","n/a","n/a","Basic Industries","Precious Metals","http://www.nasdaq.com/symbol/btg",
"BCPC","Balchem Corporation","56.28","1741589440.08","n/a","n/a","Basic Industries","Major Chemicals","http://www.nasdaq.com/symbol/bcpc",
"BAA","BANRO CORPORATION","0.2","50420134.4","n/a","n/a","Basic Industries","Precious Metals","http://www.nasdaq.com/symbol/baa",
"ABX","Barrick Gold Corporation","11.88","13836276131.04","n/a","n/a","Basic Industries","Precious Metals","http://www.nasdaq.com/symbol/abx",
"BDC","Belden Inc","93.06","3956648584.68","n/a","n/a","Basic Industries","Telecommunications Equipment","http://www.nasdaq.com/symbol/bdc",
"BHP","BHP Billiton Limited","45.56","121275318862","n/a","n/a","Basic Industries","Precious Metals","http://www.nasdaq.com/symbol/bhp",
"BIOA","BioAmber Inc.","9.2","200915773.2","n/a","2013","Basic Industries","Major Chemicals","http://www.nasdaq.com/symbol/bioa",
"BAK","Braskem S.A.","7.49","2985758728.26","n/a","n/a","Basic Industries","Major Chemicals","http://www.nasdaq.com/symbol/bak",
"BVN","Buenaventura Mining Company Inc.","10.47","2661336497.49","n/a","1996","Basic Industries","Precious Metals","http://www.nasdaq.com/symbol/bvn",
"CBT","Cabot Corporation","45.27","2884510419.48","n/a","n/a","Basic Industries","Major Chemicals","http://www.nasdaq.com/symbol/cbt",
"CCC","Calgon Carbon Corporation","21.16","1118346881.12","n/a","n/a","Basic Industries","Major Chemicals","http://www.nasdaq.com/symbol/ccc",
"CCJ","Cameco Corporation","14.73","5830023849.06","n/a","1996","Basic Industries","Precious Metals","http://www.nasdaq.com/symbol/ccj",
"CSL","Carlisle Companies Incorporated","93.9","6118432447.5","n/a","n/a","Basic Industries","Specialty Chemicals","http://www.nasdaq.com/symbol/csl",
"CRS","Carpenter Technology Corporation","36.22","1904714867.38","n/a","n/a","Basic Industries","Steel/Iron Ore","http://www.nasdaq.com/symbol/crs",
"CAS","Castle (A.M.) & Co.","3.68","86695905.6","n/a","n/a","Basic Industries","Metal Fabrications","http://www.nasdaq.com/symbol/cas",
"CVCO","Cavco Industries, Inc.","74.4","659124405.6","n/a","n/a","Basic Industries","Homebuilding","http://www.nasdaq.com/symbol/cvco",
"CE","Celanese Corporation","55.46","8629227933.04","n/a","2005","Basic Industries","Major Chemicals","http://www.nasdaq.com/symbol/ce",
"LEU","Centrus Energy Corp.","4.79","43110000","n/a","2014","Basic Industries","Mining & Quarrying of Nonmetallic Minerals (No Fuels)","http://www.nasdaq.com/symbol/leu",
"CENX","Century Aluminum Company","14.03","1249576085.46","n/a","1996","Basic Industries","Aluminum","http://www.nasdaq.com/symbol/cenx",
"CF","CF Industries Holdings, Inc.","280.22","13424755100.64","n/a","2005","Basic Industries","Agricultural Chemicals","http://www.nasdaq.com/symbol/cf",
"CHMT","Chemtura Corp.","26.93","1866249000","n/a","n/a","Basic Industries","Major Chemicals","http://www.nasdaq.com/symbol/chmt",
"CBI","Chicago Bridge & Iron Company N.V.","47.9","5198415086.9","n/a","1997","Basic Industries","Engineering & Construction","http://www.nasdaq.com/symbol/cbi",
"CADC","China Advanced Construction Materials Group, Inc.","3.86","8031884.14","n/a","n/a","Basic Industries","Engineering & Construction","http://www.nasdaq.com/symbol/cadc",
"CGA","China Green Agriculture, Inc.","1.74","60434269.86","n/a","n/a","Basic Industries","Agricultural Chemicals","http://www.nasdaq.com/symbol/cga",
"CHLN","China Housing & Land Development, Inc.","0.36","12528200.88","n/a","n/a","Basic Industries","Homebuilding","http://www.nasdaq.com/symbol/chln",
"CHNR","China Natural Resources, Inc.","1.71","42597666.36","n/a","n/a","Basic Industries","Precious Metals","http://www.nasdaq.com/symbol/chnr",
"CHD","Church & Dwight Company, Inc.","85.77","11211304700.07","n/a","n/a","Basic Industries","Package Goods/Cosmetics","http://www.nasdaq.com/symbol/chd",
"CISAW","CIS Acquisition Ltd.","0.3","0","n/a","2013","Basic Industries","Major Chemicals","http://www.nasdaq.com/symbol/cisaw",
"CLH","Clean Harbors, Inc.","57.33","3377432068.92","n/a","n/a","Basic Industries","Environmental Services","http://www.nasdaq.com/symbol/clh",
"CLW","Clearwater Paper Corporation","66.66","1275814272.48","n/a","n/a","Basic Industries","Paper","http://www.nasdaq.com/symbol/clw",
"CLF","Cliffs Natural Resources Inc.","4.59","703553143.68","n/a","n/a","Basic Industries","Precious Metals","http://www.nasdaq.com/symbol/clf",
"CLV","Cliffs Natural Resources Inc.","5.18","793988079.36","n/a","n/a","Basic Industries","Precious Metals","http://www.nasdaq.com/symbol/clv",
"CDXS","Codexis, Inc.","4.65","184614774.3","n/a","2010","Basic Industries","Major Chemicals","http://www.nasdaq.com/symbol/cdxs",
"CDE","Coeur Mining, Inc.","4.71","486726266.1","n/a","n/a","Basic Industries","Precious Metals","http://www.nasdaq.com/symbol/cde",
"CMC","Commercial Metals Company","16.09","1889341830.22","n/a","n/a","Basic Industries","Steel/Iron Ore","http://www.nasdaq.com/symbol/cmc",
"CMP","Compass Minerals International, Inc.","94.02","3160939143.18","n/a","2003","Basic Industries","Mining & Quarrying of Nonmetallic Minerals (No Fuels)","http://www.nasdaq.com/symbol/cmp",
"LODE","Comstock Mining, Inc.","0.615","55190415.495","n/a","n/a","Basic Industries","Precious Metals","http://www.nasdaq.com/symbol/lode",
"CSTM","Constellium N.V.","19.52","2050128113.6","n/a","2013","Basic Industries","Metal Fabrications","http://www.nasdaq.com/symbol/cstm",
"GLW","Corning Incorporated","22.32","28319588992.8","n/a","n/a","Basic Industries","Telecommunications Equipment","http://www.nasdaq.com/symbol/glw",
"CVA","Covanta Holding Corporation","22.02","2937189777.3","n/a","n/a","Basic Industries","Electric Utilities: Central","http://www.nasdaq.com/symbol/cva",
"CRWS","Crown Crafts, Inc.","8.12","81716432","n/a","n/a","Basic Industries","Textiles","http://www.nasdaq.com/symbol/crws",
"CTIB","CTI Industries Corporation","4.02","13270486.32","n/a","1997","Basic Industries","Specialty Chemicals","http://www.nasdaq.com/symbol/ctib",
"CFI","Culp, Inc.","28.07","342990726.47","n/a","n/a","Basic Industries","Textiles","http://www.nasdaq.com/symbol/cfi",
"UAN","CVR Partners, LP","13.05","954255110.85","n/a","2011","Basic Industries","Agricultural Chemicals","http://www.nasdaq.com/symbol/uan",
"CYT","Cytec Industries Inc.","53.42","3810089403.92","n/a","n/a","Basic Industries","Major Chemicals","http://www.nasdaq.com/symbol/cyt",
"DEL","Deltic Timber Corporation","66.17","832556829.13","n/a","n/a","Basic Industries","Forest Products","http://www.nasdaq.com/symbol/del",
"DNN","Denison Mine Corp","0.81","410215321.89","n/a","n/a","Basic Industries","Precious Metals","http://www.nasdaq.com/symbol/dnn",
"DDC","Dominion Diamond Corporation","17.13","1458353642.4","n/a","n/a","Basic Industries","Precious Metals","http://www.nasdaq.com/symbol/ddc",
"UFS","Domtar Corporation","45.04","2927649724.16","n/a","n/a","Basic Industries","Paper","http://www.nasdaq.com/symbol/ufs",
"DOW","Dow Chemical Company (The)","48.24","55573586577.36","n/a","n/a","Basic Industries","Major Chemicals","http://www.nasdaq.com/symbol/dow",
"DRD","DRDGOLD Limited","1.75","66364935","n/a","n/a","Basic Industries","Precious Metals","http://www.nasdaq.com/symbol/drd",
"DY","Dycom Industries, Inc.","48.53","1650816522.89","n/a","n/a","Basic Industries","Water Supply","http://www.nasdaq.com/symbol/dy",
"DD","E.I. du Pont de Nemours and Company","71.39","64637505460","n/a","n/a","Basic Industries","Major Chemicals","http://www.nasdaq.com/symbol/dd",
"DD^A","E.I. du Pont de Nemours and Company","84.32","0","n/a","n/a","Basic Industries","Major Chemicals","http://www.nasdaq.com/symbol/dd^a",
"DD^B","E.I. du Pont de Nemours and Company","107.95","0","n/a","n/a","Basic Industries","Major Chemicals","http://www.nasdaq.com/symbol/dd^b",
"EMN","Eastman Chemical Company","68.07","10140853498.8","n/a","n/a","Basic Industries","Major Chemicals","http://www.nasdaq.com/symbol/emn",
"ECL","Ecolab Inc.","113.37","33710552607.87","n/a","n/a","Basic Industries","Package Goods/Cosmetics","http://www.nasdaq.com/symbol/ecl",
"EGO","Eldorado Gold Corporation","4.85","3475447599.9","n/a","n/a","Basic Industries","Precious Metals","http://www.nasdaq.com/symbol/ego",
"ERS","Empire Resources, Inc.","4.315","38732436.765","n/a","n/a","Basic Industries","Metal Fabrications","http://www.nasdaq.com/symbol/ers",
"ICA","Empresas Ica Soc Contrladora","3.37","513934483.18","n/a","1992","Basic Industries","Military/Government/Technical","http://www.nasdaq.com/symbol/ica",
"EXK","Endeavour Silver Corporation","2.01","204973571.01","n/a","n/a","Basic Industries","Precious Metals","http://www.nasdaq.com/symbol/exk",
"UUUU","Energy Fuels Inc","4.07","80111726.97","n/a","n/a","Basic Industries","Mining & Quarrying of Nonmetallic Minerals (No Fuels)","http://www.nasdaq.com/symbol/uuuu",
"NPO","Enpro Industries","66.75","1603168659","n/a","n/a","Basic Industries","Metal Fabrications","http://www.nasdaq.com/symbol/npo",
"EGI","Entree Gold Inc","0.215","31601642.775","n/a","n/a","Basic Industries","Precious Metals","http://www.nasdaq.com/symbol/egi",
"EMXX","Eurasian Minerals Inc.","0.71","52127994.1","n/a","n/a","Basic Industries","Precious Metals","http://www.nasdaq.com/symbol/emxx",
"EVGN","Evogene Ltd.","9.1","230773306.4","n/a","2013","Basic Industries","Agricultural Chemicals","http://www.nasdaq.com/symbol/evgn",
"XRA","Exeter Resource Corporation","0.6362","56245012.4586","n/a","n/a","Basic Industries","Mining & Quarrying of Nonmetallic Minerals (No Fuels)","http://www.nasdaq.com/symbol/xra",
"FHCO","Female Health Company (The)","3.25","93646198.75","n/a","n/a","Basic Industries","Specialty Chemicals","http://www.nasdaq.com/symbol/fhco",
"FOE","Ferro Corporation","12.43","1084412864.26","n/a","n/a","Basic Industries","Paints/Coatings","http://www.nasdaq.com/symbol/foe",
"FBR","Fibria Celulose S.A.","13.9","7699691579.4","n/a","1997","Basic Industries","Paper","http://www.nasdaq.com/symbol/fbr",
"AG","First Majestic Silver Corp.","5.49","645594573.6","n/a","n/a","Basic Industries","Precious Metals","http://www.nasdaq.com/symbol/ag",
"FSI","Flexible Solutions International Inc.","1.24","16330788.84","n/a","n/a","Basic Industries","Major Chemicals","http://www.nasdaq.com/symbol/fsi",
"FTK","Flotek Industries, Inc.","15.7","857849805.5","n/a","n/a","Basic Industries","Major Chemicals","http://www.nasdaq.com/symbol/ftk",
"FLR","Fluor Corporation","57.59","8490270078.03","n/a","n/a","Basic Industries","Military/Government/Technical","http://www.nasdaq.com/symbol/flr",
"FMC","FMC Corporation","56.71","7572319005.5","n/a","n/a","Basic Industries","Major Chemicals","http://www.nasdaq.com/symbol/fmc",
"FMSA","FMSA Holdings Inc.","7.76","1237456687.68","n/a","2014","Basic Industries","Mining & Quarrying of Nonmetallic Minerals (No Fuels)","http://www.nasdaq.com/symbol/fmsa",
"FNRG","ForceField Energy Inc.","7.49","135624485.92","n/a","n/a","Basic Industries","Major Chemicals","http://www.nasdaq.com/symbol/fnrg",
"FSM","Fortuna Silver Mines Inc.","3.85","496056491.7","n/a","n/a","Basic Industries","Precious Metals","http://www.nasdaq.com/symbol/fsm",
"FBHS","Fortune Brands Home & Security, Inc.","46.88","7464237303.52","n/a","n/a","Basic Industries","Homebuilding","http://www.nasdaq.com/symbol/fbhs",
"FNV","Franco-Nevada Corporation","49.62","7764548020.2","n/a","n/a","Basic Industries","Precious Metals","http://www.nasdaq.com/symbol/fnv",
"FCX","Freeport-McMoran, Inc.","19","19757397665","n/a","n/a","Basic Industries","Precious Metals","http://www.nasdaq.com/symbol/fcx",
"FRM","Furmanite Corporation","7.99","301692851.95","n/a","n/a","Basic Industries","Engineering & Construction","http://www.nasdaq.com/symbol/frm",
"FF","FutureFuel Corp.","10.59","463020088.92","n/a","n/a","Basic Industries","Major Chemicals","http://www.nasdaq.com/symbol/ff",
"GFA","Gafisa SA","1.41","287686644.21","n/a","2007","Basic Industries","Homebuilding","http://www.nasdaq.com/symbol/gfa",
"GY","GenCorp Inc.","22.92","1435060439.04","n/a","n/a","Basic Industries","Specialty Chemicals","http://www.nasdaq.com/symbol/gy",
"BGC","General Cable Corporation","17.45","855701146.75","n/a","1997","Basic Industries","Telecommunications Equipment","http://www.nasdaq.com/symbol/bgc",
"GMO","General Moly, Inc","0.51","46381056.48","n/a","n/a","Basic Industries","Precious Metals","http://www.nasdaq.com/symbol/gmo",
"GEVO","Gevo, Inc.","0.1894","26260830.4712","n/a","2011","Basic Industries","Major Chemicals","http://www.nasdaq.com/symbol/gevo",
"GLT","Glatfelter","27.16","1170475735.52","n/a","n/a","Basic Industries","Paper","http://www.nasdaq.com/symbol/glt",
"GFI","Gold Fields Limited","4.23","3256653832.29","n/a","n/a","Basic Industries","Precious Metals","http://www.nasdaq.com/symbol/gfi",
"GORO","Gold Resource Corporation","3.46","187460616.74","n/a","n/a","Basic Industries","Precious Metals","http://www.nasdaq.com/symbol/goro",
"GSV","Gold Standard Ventures Corporation","0.46","65675063.88","n/a","n/a","Basic Industries","Mining & Quarrying of Nonmetallic Minerals (No Fuels)","http://www.nasdaq.com/symbol/gsv",
"GG","Goldcorp Inc.","18.85","15610575511.7","n/a","n/a","Basic Industries","Precious Metals","http://www.nasdaq.com/symbol/gg",
"AUMN","Golden Minerals Company","0.42","22328389.86","n/a","n/a","Basic Industries","Precious Metals","http://www.nasdaq.com/symbol/aumn",
"GSS","Golden Star Resources, Ltd","0.251","65132010.833","n/a","n/a","Basic Industries","Precious Metals","http://www.nasdaq.com/symbol/gss",
"GV","Goldfield Corporation (The)","1.99","50648194.46","n/a","n/a","Basic Industries","Water Supply","http://www.nasdaq.com/symbol/gv",
"GRAM","Grana y Montero S.A.A.","7.51","991400792.58","n/a","2013","Basic Industries","Military/Government/Technical","http://www.nasdaq.com/symbol/gram",
"GVA","Granite Construction Incorporated","35.02","1372331786.74","n/a","n/a","Basic Industries","Military/Government/Technical","http://www.nasdaq.com/symbol/gva",
"GLDD","Great Lakes Dredge & Dock Corporation","5.9","355396058","n/a","n/a","Basic Industries","Military/Government/Technical","http://www.nasdaq.com/symbol/gldd",
"GNI","Great Northern Iron Ore Properties","7.43","11145000","n/a","n/a","Basic Industries","Precious Metals","http://www.nasdaq.com/symbol/gni",
"GPL","Great Panther Silver Limited","0.6","83737224","n/a","n/a","Basic Industries","Precious Metals","http://www.nasdaq.com/symbol/gpl",
"GPRE","Green Plains, Inc.","29.3","1111753633","n/a","n/a","Basic Industries","Major Chemicals","http://www.nasdaq.com/symbol/gpre",
"GRH","GreenHunter Resources, Inc.","0.77","27321952.35","n/a","n/a","Basic Industries","Major Chemicals","http://www.nasdaq.com/symbol/grh",
"SIM","Grupo Simec, S.A. de C.V.","8.25","1368700335.75","n/a","1993","Basic Industries","Steel/Iron Ore","http://www.nasdaq.com/symbol/sim",
"GURE","Gulf Resources, Inc.","1.6499","75746704.4124","n/a","n/a","Basic Industries","Major Chemicals","http://www.nasdaq.com/symbol/gure",
"FUL","H. B. Fuller Company","42.77","2156402923.22","n/a","n/a","Basic Industries","Home Furnishings","http://www.nasdaq.com/symbol/ful",
"HMY","Harmony Gold Mining Company Limited","1.93","841143112.71","n/a","n/a","Basic Industries","Precious Metals","http://www.nasdaq.com/symbol/hmy",
"HL","Hecla Mining Company","3.18","1174703645.16","n/a","n/a","Basic Industries","Mining & Quarrying of Nonmetallic Minerals (No Fuels)","http://www.nasdaq.com/symbol/hl",
"HL^B","Hecla Mining Company","50.5","0","n/a","n/a","Basic Industries","Mining & Quarrying of Nonmetallic Minerals (No Fuels)","http://www.nasdaq.com/symbol/hl^b",
"HCCI","Heritage-Crystal Clean, Inc.","12.65","281623433.3","n/a","2008","Basic Industries","Miscellaneous","http://www.nasdaq.com/symbol/hcci",
"HXL","Hexcel Corporation","51.28","4940434887.52","n/a","n/a","Basic Industries","Major Chemicals","http://www.nasdaq.com/symbol/hxl",
"HCLP","Hi-Crush Partners LP","36.51","1349364692.7","n/a","2012","Basic Industries","Mining & Quarrying of Nonmetallic Minerals (No Fuels)","http://www.nasdaq.com/symbol/hclp",
"HBM","HudBay Minerals Inc","8.34","1948414627.38","n/a","n/a","Basic Industries","Precious Metals","http://www.nasdaq.com/symbol/hbm",
"HUN","Huntsman Corporation","21.67","5310167363.16","n/a","2005","Basic Industries","Major Chemicals","http://www.nasdaq.com/symbol/hun",
"HYGS","Hydrogenics Corporation","11.73","118354820.25","n/a","n/a","Basic Industries","Major Chemicals","http://www.nasdaq.com/symbol/hygs",
"IAG","Iamgold Corporation","1.98","774840189.42","n/a","n/a","Basic Industries","Precious Metals","http://www.nasdaq.com/symbol/iag",
"IGC","India Globalization Capital Inc.","0.42","6317994.48","n/a","n/a","Basic Industries","Precious Metals","http://www.nasdaq.com/symbol/igc",
"IDSA","Industrial Services of America, Inc.","4.59","36519921.9","n/a","n/a","Basic Industries","Miscellaneous","http://www.nasdaq.com/symbol/idsa",
"IOSP","Innospec Inc.","46.07","1119592495.02","n/a","n/a","Basic Industries","Major Chemicals","http://www.nasdaq.com/symbol/iosp",
"IBP","Installed Building Products, Inc.","22.13","698144293.95","n/a","2014","Basic Industries","Homebuilding","http://www.nasdaq.com/symbol/ibp",
"IFF","Internationa Flavors & Fragrances, Inc.","117.39","9478748757.66","n/a","n/a","Basic Industries","Major Chemicals","http://www.nasdaq.com/symbol/iff",
"IP","International Paper Company","54.67","23116959931.45","n/a","n/a","Basic Industries","Paper","http://www.nasdaq.com/symbol/ip",
"THM","International Tower Hill Mines Ltd","0.37","43036046.06","n/a","n/a","Basic Industries","Precious Metals","http://www.nasdaq.com/symbol/thm",
"IPI","Intrepid Potash, Inc","11.51","874745129.08","n/a","2008","Basic Industries","Mining & Quarrying of Nonmetallic Minerals (No Fuels)","http://www.nasdaq.com/symbol/ipi",
"ICL","Israel Chemicals Shs","7.32","9306894017.88","n/a","2014","Basic Industries","Agricultural Chemicals","http://www.nasdaq.com/symbol/icl",
"JEC","Jacobs Engineering Group Inc.","44.28","5681329060.68","n/a","n/a","Basic Industries","Military/Government/Technical","http://www.nasdaq.com/symbol/jec",
"KS","KapStone Paper and Packaging Corporation","31.43","3019969056.51","n/a","n/a","Basic Industries","Paper","http://www.nasdaq.com/symbol/ks",
"KBR","KBR, Inc.","14.62","2108548783.46","n/a","2006","Basic Industries","Military/Government/Technical","http://www.nasdaq.com/symbol/kbr",
"KGC","Kinross Gold Corporation","2.32","2659201413.92","n/a","n/a","Basic Industries","Precious Metals","http://www.nasdaq.com/symbol/kgc",
"KMG","KMG Chemicals, Inc.","28.08","328000795.2","n/a","n/a","Basic Industries","Major Chemicals","http://www.nasdaq.com/symbol/kmg",
"KOP","Koppers Holdings Inc.","19.66","402931916.26","n/a","2006","Basic Industries","Forest Products","http://www.nasdaq.com/symbol/kop",
"KRA","Kraton Performance Polymers, Inc","20.06","631991483.54","n/a","2009","Basic Industries","Major Chemicals","http://www.nasdaq.com/symbol/kra",
"KRO","Kronos Worldwide Inc","12.67","1468105816.66","n/a","n/a","Basic Industries","Major Chemicals","http://www.nasdaq.com/symbol/kro",
"FSTR","L.B. Foster Company","47.19","488904161.46","n/a","n/a","Basic Industries","Metal Fabrications","http://www.nasdaq.com/symbol/fstr",
"LSG","Lake Shore Gold Corp","0.82","357184803.68","n/a","n/a","Basic Industries","Precious Metals","http://www.nasdaq.com/symbol/lsg",
"LNDC","Landec Corporation","14.49","389433008.16","n/a","1996","Basic Industries","Major Chemicals","http://www.nasdaq.com/symbol/lndc",
"LAYN","Layne Christensen Company","5.275","104126300.325","n/a","1992","Basic Industries","Engineering & Construction","http://www.nasdaq.com/symbol/layn",
"LEN","Lennar Corporation","53.19","9249758446.32","n/a","n/a","Basic Industries","Homebuilding","http://www.nasdaq.com/symbol/len",
"LIME","Lime Energy Co.","3.08","29112776","n/a","n/a","Basic Industries","Engineering & Construction","http://www.nasdaq.com/symbol/lime",
"LPX","Louisiana-Pacific Corporation","16.29","2319114870.54","n/a","n/a","Basic Industries","Forest Products","http://www.nasdaq.com/symbol/lpx",
"LXU","Lsb Industries Inc.","40.52","918113059.88","n/a","n/a","Basic Industries","Major Chemicals","http://www.nasdaq.com/symbol/lxu",
"LXFR","Luxfer Holdings PLC","12.99","350155101.57","n/a","2012","Basic Industries","Major Chemicals","http://www.nasdaq.com/symbol/lxfr",
"LYB","LyondellBasell Industries NV","87.98","41966220606.42","n/a","n/a","Basic Industries","Major Chemicals","http://www.nasdaq.com/symbol/lyb",
"MVG","Mag Silver Corporation","6.23","430631038.11","n/a","n/a","Basic Industries","Precious Metals","http://www.nasdaq.com/symbol/mvg",
"MBII","Marrone Bio Innovations, Inc.","3.93","95888415.84","n/a","2013","Basic Industries","Agricultural Chemicals","http://www.nasdaq.com/symbol/mbii",
"MLM","Martin Marietta Materials, Inc.","137.36","9230853258.72","n/a","1994","Basic Industries","Mining & Quarrying of Nonmetallic Minerals (No Fuels)","http://www.nasdaq.com/symbol/mlm",
"MAS","Masco Corporation","26.62","9304877252","n/a","n/a","Basic Industries","Forest Products","http://www.nasdaq.com/symbol/mas",
"DOOR","Masonite International Corporation","67.35","2027689073.7","n/a","n/a","Basic Industries","Forest Products","http://www.nasdaq.com/symbol/door",
"MTZ","MasTec, Inc.","19.49","1595745913.39","n/a","n/a","Basic Industries","Water Supply","http://www.nasdaq.com/symbol/mtz",
"MTRX","Matrix Service Company","19.48","520324299.64","n/a","1990","Basic Industries","Engineering & Construction","http://www.nasdaq.com/symbol/mtrx",
"MUX","McEwen Mining Inc.","1.04","282998713.92","n/a","n/a","Basic Industries","Precious Metals","http://www.nasdaq.com/symbol/mux",
"MDU","MDU Resources Group, Inc.","21.82","4246110293.04","n/a","n/a","Basic Industries","Mining & Quarrying of Nonmetallic Minerals (No Fuels)","http://www.nasdaq.com/symbol/mdu",
"MWV","Meadwestvaco Corporation","48.98","8201247102.34","n/a","n/a","Basic Industries","Paper","http://www.nasdaq.com/symbol/mwv",
"MTL","Mechel OAO","1.33","553640090.85","n/a","2004","Basic Industries","Steel/Iron Ore","http://www.nasdaq.com/symbol/mtl",
"MERC","Mercer International Inc.","15.42","993570676.32","n/a","n/a","Basic Industries","Paper","http://www.nasdaq.com/symbol/merc",
"MSB","Mesabi Trust","13.28","174233732.8","n/a","n/a","Basic Industries","Precious Metals","http://www.nasdaq.com/symbol/msb",
"MBLX","Metabolix, Inc.","0.63","85272871.32","n/a","2006","Basic Industries","Containers/Packaging","http://www.nasdaq.com/symbol/mblx",
"MEA","Metalico Inc","0.44","25662112.52","n/a","n/a","Basic Industries","Metal Fabrications","http://www.nasdaq.com/symbol/mea",
"MEOH","Methanex Corporation","52.13","4785451217.56","n/a","n/a","Basic Industries","Major Chemicals","http://www.nasdaq.com/symbol/meoh",
"MEIL","METHES ENERGIES INTERNATIONAL LTD","0.88","10129179.28","n/a","2012","Basic Industries","Major Chemicals","http://www.nasdaq.com/symbol/meil",
"MEILW","METHES ENERGIES INTERNATIONAL LTD","0.18","0","n/a","2012","Basic Industries","Major Chemicals","http://www.nasdaq.com/symbol/meilw",
"MEILZ","METHES ENERGIES INTERNATIONAL LTD","0.056","0","n/a","2012","Basic Industries","Major Chemicals","http://www.nasdaq.com/symbol/meilz",
"MDW","Midway Gold Corporation","0.4117","72683715.2429","n/a","n/a","Basic Industries","Precious Metals","http://www.nasdaq.com/symbol/mdw",
"MGH","Minco Gold Corporation","0.22","11127133.82","n/a","n/a","Basic Industries","Precious Metals","http://www.nasdaq.com/symbol/mgh",
"MTX","Minerals Technologies Inc.","73.27","2542640818.15","n/a","1992","Basic Industries","Major Chemicals","http://www.nasdaq.com/symbol/mtx",
"MGN","Mines Management, Inc.","0.47","14012598.8","n/a","n/a","Basic Industries","Precious Metals","http://www.nasdaq.com/symbol/mgn",
"MCP","Molycorp, Inc","0.403","112015938.346","n/a","2010","Basic Industries","Precious Metals","http://www.nasdaq.com/symbol/mcp",
"MON","Monsanto Company","116.3","56206149704.8","n/a","n/a","Basic Industries","Agricultural Chemicals","http://www.nasdaq.com/symbol/mon",
"MOS","Mosaic Company (The)","45.87","16781265610.23","n/a","n/a","Basic Industries","Agricultural Chemicals","http://www.nasdaq.com/symbol/mos",
"MDM","Mountain Province Diamonds Inc.","3.81","605661728.73","n/a","n/a","Basic Industries","Precious Metals","http://www.nasdaq.com/symbol/mdm",
"MYRG","MYR Group, Inc.","31.24","649082976.96","n/a","n/a","Basic Industries","Water Supply","http://www.nasdaq.com/symbol/myrg",
"NP","Neenah Paper, Inc.","62.06","1036402000","n/a","n/a","Basic Industries","Paper","http://www.nasdaq.com/symbol/np",
"NSU","Nevsun Resources Ltd","3.44","686822838.88","n/a","n/a","Basic Industries","Precious Metals","http://www.nasdaq.com/symbol/nsu",
"NGD","NEW GOLD INC.","3.65","1857419351.1","n/a","n/a","Basic Industries","Precious Metals","http://www.nasdaq.com/symbol/ngd",
"NEU","NewMarket Corporation","471.26","5864194970.26","n/a","n/a","Basic Industries","Major Chemicals","http://www.nasdaq.com/symbol/neu",
"NEM","Newmont Mining Corporation","22.34","11149475125","n/a","n/a","Basic Industries","Precious Metals","http://www.nasdaq.com/symbol/nem",
"NL","NL Industries, Inc.","7.82","380700152.88","n/a","n/a","Basic Industries","Major Chemicals","http://www.nasdaq.com/symbol/nl",
"NOR","Noranda Aluminum Holding Corporation","3.15","217080715.95","n/a","2010","Basic Industries","Aluminum","http://www.nasdaq.com/symbol/nor",
"NCFT","Norcraft Companies, Inc.","25.74","445599889.02","n/a","2013","Basic Industries","Forest Products","http://www.nasdaq.com/symbol/ncft",
"PAL","North American Palladium, Ltd.","0.2037","80039887.6473","n/a","2000","Basic Industries","Precious Metals","http://www.nasdaq.com/symbol/pal",
"NAK","Northern Dynasty Minerals, Ltd.","0.3821","36303269.0344","n/a","n/a","Basic Industries","Precious Metals","http://www.nasdaq.com/symbol/nak",
"NWPX","Northwest Pipe Company","22.84","218218430.48","n/a","1995","Basic Industries","Steel/Iron Ore","http://www.nasdaq.com/symbol/nwpx",
"NCQ","NovaCopper Inc.","0.631","38259865.331","n/a","n/a","Basic Industries","Precious Metals","http://www.nasdaq.com/symbol/ncq",
"NG","Novagold Resources Inc.","3.13","994906908.16","n/a","n/a","Basic Industries","Precious Metals","http://www.nasdaq.com/symbol/ng",
"NUE","Nucor Corporation","47.26","15082136211.34","n/a","n/a","Basic Industries","Steel/Iron Ore","http://www.nasdaq.com/symbol/nue",
"OCIP","OCI Partners LP","16.67","1391867851.24","n/a","2013","Basic Industries","Major Chemicals","http://www.nasdaq.com/symbol/ocip",
"OCIR","OCI Resources LP","22.5","440471857.5","n/a","2013","Basic Industries","Mining & Quarrying of Nonmetallic Minerals (No Fuels)","http://www.nasdaq.com/symbol/ocir",
"OLN","Olin Corporation","31.47","2436123194.43","n/a","n/a","Basic Industries","Major Chemicals","http://www.nasdaq.com/symbol/oln",
"ZEUS","Olympic Steel, Inc.","13.77","151349870.52","n/a","1994","Basic Industries","Metal Fabrications","http://www.nasdaq.com/symbol/zeus",
"OMN","OMNOVA Solutions Inc.","8.5","398531731","n/a","n/a","Basic Industries","Specialty Chemicals","http://www.nasdaq.com/symbol/omn",
"OCC","Optical Cable Corporation","4.05","27231957","n/a","n/a","Basic Industries","Telecommunications Equipment","http://www.nasdaq.com/symbol/occ",
"TIS","Orchids Paper Products Company","25.98","227504028.18","n/a","2005","Basic Industries","Paper","http://www.nasdaq.com/symbol/tis",
"OEC","Orion Engineered Carbons S.A","17.96","1071046862.96","n/a","2014","Basic Industries","Major Chemicals","http://www.nasdaq.com/symbol/oec",
"ORN","Orion Marine Group Inc","8.84","243289131.8","n/a","n/a","Basic Industries","Military/Government/Technical","http://www.nasdaq.com/symbol/orn",
"OSN","Ossen Innovation Co., Ltd.","0.65","3939948.35","6061459","2010","Basic Industries","Steel/Iron Ore","http://www.nasdaq.com/symbol/osn",
"PBM","Pacific Booker Minerals Inc","4.5","55635925.5","n/a","n/a","Basic Industries","Precious Metals","http://www.nasdaq.com/symbol/pbm",
"PEIX","Pacific Ethanol, Inc.","10.95","279347640","n/a","n/a","Basic Industries","Major Chemicals","http://www.nasdaq.com/symbol/peix",
"PAAS","Pan American Silver Corp.","8.97","1360241046.84","n/a","n/a","Basic Industries","Precious Metals","http://www.nasdaq.com/symbol/paas",
"PZG","Paramount Gold and Silver Corp.","1","162027422","n/a","n/a","Basic Industries","Precious Metals","http://www.nasdaq.com/symbol/pzg",
"PATK","Patrick Industries, Inc.","63.97","657861146.97","n/a","n/a","Basic Industries","Forest Products","http://www.nasdaq.com/symbol/patk",
"PESI","Perma-Fix Environmental Services, Inc.","3.76","43122849.68","n/a","n/a","Basic Industries","Environmental Services","http://www.nasdaq.com/symbol/pesi",
"PAH","Platform Specialty Products Corporation","25.27","4857411327.44","n/a","2014","Basic Industries","Major Chemicals","http://www.nasdaq.com/symbol/pah",
"PLG","Platinum Group Metals Ltd.","0.5655","434837283.465","n/a","n/a","Basic Industries","Precious Metals","http://www.nasdaq.com/symbol/plg",
"PGEM","Ply Gem Holdings, Inc.","13.49","916318988.04","n/a","2013","Basic Industries","Forest Products","http://www.nasdaq.com/symbol/pgem",
"PLM","Polymet Mining Corp.","1.29","356642767.98","n/a","n/a","Basic Industries","Precious Metals","http://www.nasdaq.com/symbol/plm",
"POL","PolyOne Corporation","36.78","3277114146.42","n/a","n/a","Basic Industries","Major Chemicals","http://www.nasdaq.com/symbol/pol",
"PPO","Polypore International Inc","58.87","2640878294.04","n/a","2007","Basic Industries","Major Chemicals","http://www.nasdaq.com/symbol/ppo",
"PKX","POSCO","54.2","18902105828","n/a","1994","Basic Industries","Steel/Iron Ore","http://www.nasdaq.com/symbol/pkx",
"POT","Potash Corporation of Saskatchewan Inc.","32.7","27197588363.7","n/a","1989","Basic Industries","Agricultural Chemicals","http://www.nasdaq.com/symbol/pot",
"PPG","PPG Industries, Inc.","223.58","30495746566.18","n/a","n/a","Basic Industries","Paints/Coatings","http://www.nasdaq.com/symbol/ppg",
"PX","Praxair, Inc.","122.27","35288534096.23","n/a","n/a","Basic Industries","Major Chemicals","http://www.nasdaq.com/symbol/px",
"PCP","Precision Castparts Corporation","210.8","29884626311.6","n/a","n/a","Basic Industries","Metal Fabrications","http://www.nasdaq.com/symbol/pcp",
"PLPC","Preformed Line Products Company","42.69","230355410.76","n/a","n/a","Basic Industries","Water Supply","http://www.nasdaq.com/symbol/plpc",
"PVG","Pretium Resources, Inc.","5.68","753068014.96","n/a","n/a","Basic Industries","Precious Metals","http://www.nasdaq.com/symbol/pvg",
"PPP","Primero Mining Corp","3.51","568114121.25","n/a","n/a","Basic Industries","Precious Metals","http://www.nasdaq.com/symbol/ppp",
"PRIM","Primoris Services Corporation","18.1","933409108.4","n/a","n/a","Basic Industries","Water Supply","http://www.nasdaq.com/symbol/prim",
"PG","Procter & Gamble Company (The)","82.43","222603028913.82","n/a","n/a","Basic Industries","Package Goods/Cosmetics","http://www.nasdaq.com/symbol/pg",
"KWR","Quaker Chemical Corporation","86.26","1149385602.9","n/a","n/a","Basic Industries","Major Chemicals","http://www.nasdaq.com/symbol/kwr",
"GOLD","Randgold Resources Limited","70.93","3483851928.66","49116762","n/a","Basic Industries","Precious Metals","http://www.nasdaq.com/symbol/gold",
"REE","Rare Element Resources Ltd.","0.599","28576622.384","n/a","n/a","Basic Industries","Precious Metals","http://www.nasdaq.com/symbol/ree",
"RYAM","Rayonier Advanced Materials Inc.","14.91","638710718.31","n/a","2014","Basic Industries","Major Chemicals","http://www.nasdaq.com/symbol/ryam",
"RGSE","Real Goods Solar, Inc.","0.2469","12923480.0337","n/a","n/a","Basic Industries","Engineering & Construction","http://www.nasdaq.com/symbol/rgse",
"RS","Reliance Steel & Aluminum Co.","61.39","4761127909.09","n/a","1994","Basic Industries","Metal Fabrications","http://www.nasdaq.com/symbol/rs",
"REGI","Renewable Energy Group, Inc.","9.36","415798166.16","n/a","2012","Basic Industries","Major Chemicals","http://www.nasdaq.com/symbol/regi",
"RNF","Rentech Nitrogen Partners, L.P.","14.62","568913849.52","n/a","2011","Basic Industries","Agricultural Chemicals","http://www.nasdaq.com/symbol/rnf",
"RTK","Rentech, Inc.","1.12","256952027.36","n/a","1991","Basic Industries","Agricultural Chemicals","http://www.nasdaq.com/symbol/rtk",
"RFP","Resolute Forest Products Inc.","17.69","1678762354.74","n/a","n/a","Basic Industries","Paper","http://www.nasdaq.com/symbol/rfp",
"RVM","Revett Mining Company, Inc.","0.49","19244253.63","n/a","n/a","Basic Industries","Precious Metals","http://www.nasdaq.com/symbol/rvm",
"REX","REX American Resources Corporation","61.3","490597447.3","n/a","n/a","Basic Industries","Major Chemicals","http://www.nasdaq.com/symbol/rex",
"RIC","Richmont Mines, Inc.","3.25","188308974.75","n/a","n/a","Basic Industries","Precious Metals","http://www.nasdaq.com/symbol/ric",
"RIO","Rio Tinto Plc","41.2","76678807649.6","n/a","2002","Basic Industries","Precious Metals","http://www.nasdaq.com/symbol/rio",
"ROG","Rogers Corporation","82.43","1529187862.93","n/a","n/a","Basic Industries","Major Chemicals","http://www.nasdaq.com/symbol/rog",
"RGLD","Royal Gold, Inc.","64.69","4212086029.33","n/a","n/a","Basic Industries","Precious Metals","http://www.nasdaq.com/symbol/rgld",
"RPM","RPM International Inc.","47.76","6387775107.6","n/a","n/a","Basic Industries","Paints/Coatings","http://www.nasdaq.com/symbol/rpm",
"RBY","Rubicon Minerals Corp","0.9313","345177842.231","n/a","n/a","Basic Industries","Precious Metals","http://www.nasdaq.com/symbol/rby",
"RYI","Ryerson Holding Corporation","6.38","204399250","n/a","2014","Basic Industries","Metal Fabrications","http://www.nasdaq.com/symbol/ryi",
"SAND          ","Sandstorm Gold Ltd","3.49","409998855.18","n/a","n/a","Basic Industries","Precious Metals","http://www.nasdaq.com/symbol/sand          ",
"SWM","Schweitzer-Mauduit International, Inc.","45.77","1397215801.07","n/a","n/a","Basic Industries","Paper","http://www.nasdaq.com/symbol/swm",
"SMG","Scotts Miracle-Gro Company (The)","65.57","3989869782.41","n/a","1992","Basic Industries","Agricultural Chemicals","http://www.nasdaq.com/symbol/smg",
"SA","Seabridge Gold, Inc.","5.74","278039148.24","n/a","n/a","Basic Industries","Precious Metals","http://www.nasdaq.com/symbol/sa",
"SEE","Sealed Air Corporation","45.09","9475718554.89","n/a","n/a","Basic Industries","Major Chemicals","http://www.nasdaq.com/symbol/see",
"SXT","Sensient Technologies Corporation","68.36","3239311471.76","n/a","n/a","Basic Industries","Major Chemicals","http://www.nasdaq.com/symbol/sxt",
"SMED","Sharps Compliance Corp","6.46","100352056.04","n/a","n/a","Basic Industries","Environmental Services","http://www.nasdaq.com/symbol/smed",
"SBGL","Sibanye Gold Limited","8.76","1968460029.24","n/a","n/a","Basic Industries","Precious Metals","http://www.nasdaq.com/symbol/sbgl",
"SVBL","Silver Bull Resources, Inc.","0.115","18293355.555","n/a","n/a","Basic Industries","Precious Metals","http://www.nasdaq.com/symbol/svbl",
"SSRI","Silver Standard Resources Inc.","4.79","386813738.86","n/a","n/a","Basic Industries","Precious Metals","http://www.nasdaq.com/symbol/ssri",
"SLW","Silver Wheaton Corp","19.19","7747155138.32","n/a","n/a","Basic Industries","Precious Metals","http://www.nasdaq.com/symbol/slw",
"SVM","Silvercorp Metals Inc","1.19","203351731.52","n/a","n/a","Basic Industries","Precious Metals","http://www.nasdaq.com/symbol/svm",
"SVLC","SilverCrest Mines, Inc.","1.11","131816057.55","n/a","n/a","Basic Industries","Precious Metals","http://www.nasdaq.com/symbol/svlc",
"SCOK","SinoCoking Coal and Coke Chemical Industries, Inc","2.19","52472875.23","n/a","n/a","Basic Industries","Steel/Iron Ore","http://www.nasdaq.com/symbol/scok",
"SHI","SINOPEC Shangai Petrochemical Company, Ltd.","40.88","4415040000","n/a","n/a","Basic Industries","Major Chemicals","http://www.nasdaq.com/symbol/shi",
"SKY","Skyline Corporation","3.62","30376303.28","n/a","n/a","Basic Industries","Homebuilding","http://www.nasdaq.com/symbol/sky",
"SQM","Sociedad Quimica y Minera S.A.","18.82","4953358581.68","n/a","1993","Basic Industries","Mining & Quarrying of Nonmetallic Minerals (No Fuels)","http://www.nasdaq.com/symbol/sqm",
"SCTY","SolarCity Corporation","52.31","5053745158.74","n/a","2012","Basic Industries","Engineering & Construction","http://www.nasdaq.com/symbol/scty",
"SZYM","Solazyme, Inc.","2.91","232964580.87","n/a","2011","Basic Industries","Major Chemicals","http://www.nasdaq.com/symbol/szym",
"XPL","Solitario Exploration & Royalty Corp","0.755","29632005.195","n/a","n/a","Basic Industries","Precious Metals","http://www.nasdaq.com/symbol/xpl",
"SCCO","Southern Copper Corporation","29.18","23463664028.56","n/a","n/a","Basic Industries","Precious Metals","http://www.nasdaq.com/symbol/scco",
"STLD","Steel Dynamics, Inc.","20.43","4937025930.57","n/a","1996","Basic Industries","Steel/Iron Ore","http://www.nasdaq.com/symbol/stld",
"SCL","Stepan Company","41.72","928505592.84","n/a","n/a","Basic Industries","Package Goods/Cosmetics","http://www.nasdaq.com/symbol/scl",
"SRCL","Stericycle, Inc.","140.14","11903563211.54","n/a","1996","Basic Industries","Environmental Services","http://www.nasdaq.com/symbol/srcl",
"STRL","Sterling Construction Company Inc","4.8","90770116.8","n/a","n/a","Basic Industries","Military/Government/Technical","http://www.nasdaq.com/symbol/strl",
"SWC","Stillwater Mining Company","13.15","1584820405.3","n/a","n/a","Basic Industries","Precious Metals","http://www.nasdaq.com/symbol/swc",
"SUM","Summit Materials, Inc.","21.88","508740741.4","n/a","2015","Basic Industries","Mining & Quarrying of Nonmetallic Minerals (No Fuels)","http://www.nasdaq.com/symbol/sum",
"SXCP","SunCoke Energy Partners, L.P.","21.29","836299089.9","n/a","2013","Basic Industries","Steel/Iron Ore","http://www.nasdaq.com/symbol/sxcp",
"SXC","SunCoke Energy, Inc.","15.24","1012053546.12","n/a","2011","Basic Industries","Steel/Iron Ore","http://www.nasdaq.com/symbol/sxc",
"SWSH","Swisher Hygiene, Inc.","1.76","30957183.84","n/a","n/a","Basic Industries","Package Goods/Cosmetics","http://www.nasdaq.com/symbol/swsh",
"SYNL","Synalloy Corporation","14.6","127271937.6","n/a","n/a","Basic Industries","Steel/Iron Ore","http://www.nasdaq.com/symbol/synl",
"SYT","Syngenta AG","69.53","32312554874.85","n/a","n/a","Basic Industries","Agricultural Chemicals","http://www.nasdaq.com/symbol/syt",
"SYMX","Synthesis Energy Systems, Inc.","1.06","77617789.8","n/a","n/a","Basic Industries","Major Chemicals","http://www.nasdaq.com/symbol/symx",
"TAHO","Tahoe Resources, Inc.","11.94","1763204969.52","n/a","n/a","Basic Industries","Precious Metals","http://www.nasdaq.com/symbol/taho",
"TANH","Tantech Holdings Ltd.","8.5","183600000","n/a","2015","Basic Industries","Major Chemicals","http://www.nasdaq.com/symbol/tanh",
"TRX","Tanzanian Royalty Exploration Corporation","0.37","37641905.6","n/a","n/a","Basic Industries","Precious Metals","http://www.nasdaq.com/symbol/trx",
"TGB","Taseko Mines Limited","0.66","146393701.08","n/a","n/a","Basic Industries","Precious Metals","http://www.nasdaq.com/symbol/tgb",
"TAS","Tasman Metals Ltd","0.44","29102445.68","n/a","n/a","Basic Industries","Precious Metals","http://www.nasdaq.com/symbol/tas",
"TCK","Teck Resources Ltd","13.67","7748234479.47","n/a","n/a","Basic Industries","Mining & Quarrying of Nonmetallic Minerals (No Fuels)","http://www.nasdaq.com/symbol/tck",
"TS","Tenaris S.A.","28.36","16740012249.4","n/a","n/a","Basic Industries","Steel/Iron Ore","http://www.nasdaq.com/symbol/ts",
"TX","Ternium S.A.","18.01","3610542143","n/a","n/a","Basic Industries","Steel/Iron Ore","http://www.nasdaq.com/symbol/tx",
"TNH","Terra Nitrogen Company, L.P.","147.1","2721581829.6","n/a","n/a","Basic Industries","Agricultural Chemicals","http://www.nasdaq.com/symbol/tnh",
"AES","The AES Corporation","12.84","9029145459","n/a","n/a","Basic Industries","Electric Utilities: Central","http://www.nasdaq.com/symbol/aes",
"AES^C","The AES Corporation","51.15","0","n/a","n/a","Basic Industries","Electric Utilities: Central","http://www.nasdaq.com/symbol/aes^c",
"TC","Thompson Creek Metals Company Inc.","1.45","310872902.25","n/a","n/a","Basic Industries","Precious Metals","http://www.nasdaq.com/symbol/tc",
"TLR","Timberline Resources Corporation","0.6703","6636026.3052","n/a","n/a","Basic Industries","Precious Metals","http://www.nasdaq.com/symbol/tlr",
"TMST","Timken Steel Corporation","26.7","1194168473.7","n/a","2014","Basic Industries","Steel/Iron Ore","http://www.nasdaq.com/symbol/tmst",
"TGD","Timmons Gold Corp","0.71","127712939.09","n/a","2011","Basic Industries","Precious Metals","http://www.nasdaq.com/symbol/tgd",
"TWI","Titan International, Inc.","9.29","499458418.64","n/a","n/a","Basic Industries","Steel/Iron Ore","http://www.nasdaq.com/symbol/twi",
"TORM          ","TOR Minerals International Inc","6.1539","18547989.9858","n/a","1988","Basic Industries","Major Chemicals","http://www.nasdaq.com/symbol/torm          ",
"TRR","TRC Companies, Inc.","8.43","255874702.53","n/a","n/a","Basic Industries","Environmental Services","http://www.nasdaq.com/symbol/trr",
"TREX","Trex Company, Inc.","54.55","1749984401.7","n/a","n/a","Basic Industries","Forest Products","http://www.nasdaq.com/symbol/trex",
"TSE","Trinseo S.A.","20.25","987583731.75","n/a","2014","Basic Industries","Major Chemicals","http://www.nasdaq.com/symbol/tse",
"TROX","Tronox Limited","20.3","2340274497.4","n/a","n/a","Basic Industries","Major Chemicals","http://www.nasdaq.com/symbol/trox",
"TRQ","Turquoise Hill Resources Ltd.","3.24","6519881221.56","n/a","n/a","Basic Industries","Precious Metals","http://www.nasdaq.com/symbol/trq",
"TPC","Tutor Perini Corporation","23.61","1156294366.92","n/a","n/a","Basic Industries","General Bldg Contractors - Nonresidential Bldgs","http://www.nasdaq.com/symbol/tpc",
"SLCA","U.S. Silica Holdings, Inc.","35.69","1904141731.12","n/a","2012","Basic Industries","Mining & Quarrying of Nonmetallic Minerals (No Fuels)","http://www.nasdaq.com/symbol/slca",
"UN","Unilever NV","42.87","129676779695.07","n/a","n/a","Basic Industries","Package Goods/Cosmetics","http://www.nasdaq.com/symbol/un",
"UL","Unilever PLC","42.49","128527323751.89","n/a","n/a","Basic Industries","Package Goods/Cosmetics","http://www.nasdaq.com/symbol/ul",
"USLM","United States Lime & Minerals, Inc.","64.7","362170284.2","n/a","n/a","Basic Industries","Mining & Quarrying of Nonmetallic Minerals (No Fuels)","http://www.nasdaq.com/symbol/uslm",
"X","United States Steel Corporation","24.66","3592163089.98","n/a","n/a","Basic Industries","Steel/Iron Ore","http://www.nasdaq.com/symbol/x",
"UFPI","Universal Forest Products, Inc.","54.38","1086873972.62","n/a","1993","Basic Industries","Forest Products","http://www.nasdaq.com/symbol/ufpi",
"USAP","Universal Stainless & Alloy Products, Inc.","26.37","186980783.31","n/a","1994","Basic Industries","Steel/Iron Ore","http://www.nasdaq.com/symbol/usap",
"URG","Ur Energy Inc","0.95","123246399.4","n/a","n/a","Basic Industries","Precious Metals","http://www.nasdaq.com/symbol/urg",
"URZ","Uranerz Energy Corporation","1.05","100708446.3","n/a","n/a","Basic Industries","Precious Metals","http://www.nasdaq.com/symbol/urz",
"UEC","Uranium Energy Corp.","1.51","138910813.16","n/a","n/a","Basic Industries","Precious Metals","http://www.nasdaq.com/symbol/uec",
"URRE","Uranium Resources, Inc.","1.3","38533985.1","n/a","n/a","Basic Industries","Precious Metals","http://www.nasdaq.com/symbol/urre",
"VALE","VALE S.A.","5.76","29683445333.76","n/a","n/a","Basic Industries","Precious Metals","http://www.nasdaq.com/symbol/vale",
"VHI","Valhi, Inc.","6.35","2153491051.15","n/a","n/a","Basic Industries","Major Chemicals","http://www.nasdaq.com/symbol/vhi",
"VAL","Valspar Corporation (The)","82.86","6732174064.5","n/a","n/a","Basic Industries","Paints/Coatings","http://www.nasdaq.com/symbol/val",
"VRS","Verso Corporation","1.75","142880778.25","n/a","2008","Basic Industries","Paper","http://www.nasdaq.com/symbol/vrs",
"VGZ","Vista Gold Corporation","0.3201","26373108.4617","n/a","n/a","Basic Industries","Precious Metals","http://www.nasdaq.com/symbol/vgz",
"VMC","Vulcan Materials Company","84.31","11180772926.37","n/a","n/a","Basic Industries","Mining & Quarrying of Nonmetallic Minerals (No Fuels)","http://www.nasdaq.com/symbol/vmc",
"GRA","W.R. Grace & Co.","98.51","7192465019.87","n/a","n/a","Basic Industries","Major Chemicals","http://www.nasdaq.com/symbol/gra",
"WPP","Wausau Paper Corp.","9.55","478030473.85","n/a","n/a","Basic Industries","Paper","http://www.nasdaq.com/symbol/wpp",
"WDFC","WD-40 Company","88.54","1296807042.18","n/a","1973","Basic Industries","Major Chemicals","http://www.nasdaq.com/symbol/wdfc",
"WST","West Pharmaceutical Services, Inc.","56.68","4078003797.92","n/a","n/a","Basic Industries","Specialty Chemicals","http://www.nasdaq.com/symbol/wst",
"WRN","Western Copper and Gold Corporation","0.4511","42491335.6296","n/a","2011","Basic Industries","Precious Metals","http://www.nasdaq.com/symbol/wrn",
"WLK","Westlake Chemical Corporation","70.55","9373127455.35","n/a","2004","Basic Industries","Major Chemicals","http://www.nasdaq.com/symbol/wlk",
"WLKP","Westlake Chemical Partners LP","27","730612710","n/a","2014","Basic Industries","Major Chemicals","http://www.nasdaq.com/symbol/wlkp",
"XRM","Xerium Technologies, Inc.","16.6","258306408.2","n/a","2005","Basic Industries","Textiles","http://www.nasdaq.com/symbol/xrm",
"XIN","Xinyuan Real Estate Co Ltd","3.17","239560957.6","n/a","2007","Basic Industries","Homebuilding","http://www.nasdaq.com/symbol/xin",
"AUY","Yamana Gold Inc.","3.74","3520287300.86","n/a","n/a","Basic Industries","Precious Metals","http://www.nasdaq.com/symbol/auy",
